Sample_ID,Risk_Score
GSM86787,0.09878803918525551
GSM86788,0.761715524541069
GSM86789,-0.2663402874468923
GSM86790,0.6998244489569297
GSM86791,-0.45317582565942843
GSM86792,-0.2374648946930741
GSM86793,-0.7017772441462402
GSM86794,0.39355132090618633
GSM86795,-0.7864788948336776
GSM86796,-0.45660927612302266
GSM86797,-0.6429724748001425
GSM86798,-0.48187624412568913
GSM86799,0.1169130220136384
GSM86800,0.7826583328751885
GSM86801,-0.7160146108275884
GSM86802,-0.8486356149724479
GSM86803,-0.7273478595926249
GSM86804,0.611336211526883
GSM86805,-0.0808845673578346
GSM86806,0.7209162676059316
GSM86807,0.42684257699365835
GSM86808,-0.23718833600990538
GSM86809,1.003808748584669
GSM86810,0.3957105193573106
GSM86811,0.9572731974901838
GSM86812,-0.4399951992569591
GSM86813,0.09993437190137411
GSM86814,-0.24642972520251824
GSM86815,0.2682642502300234
GSM86816,-0.3141635016201974
GSM86817,-0.38421888560512313
GSM86818,-0.27124666130812
GSM86819,-0.30835059344724747
GSM86820,-0.2333481860147325
GSM86821,-0.49012501191437924
GSM86822,-0.559968421917016
GSM86823,-0.25434857007936773
GSM86824,-0.41819554125359354
GSM86825,-0.10887216319304549
GSM86826,-0.4506919170205534
GSM86827,-0.5382859109653156
GSM86828,-0.4379413424704991
GSM86829,-0.33577311134746957
GSM86830,-0.37097285258143387
GSM86831,-0.5003702536361424
GSM86832,-0.36171940145409304
GSM86833,-0.37766238617576076
GSM86834,0.5972716169717408
GSM86835,-0.08310696194078637
GSM86836,-0.11756827878765994
GSM86837,0.5776709165723812
GSM86838,0.22418841267294345
GSM86839,0.07202100258951748
GSM86840,0.4396890285221988
GSM86841,0.5605940878247473
GSM86842,-0.05952489557098136
GSM86843,-0.0725499890495167
GSM86844,0.3860045649410773
GSM86845,0.8730968663403417
GSM86846,1.0931486625683637
GSM86847,0.8310572240454049
GSM86848,0.202866652280316
GSM86849,0.20521321239386808
GSM86850,-0.0422332812816544
GSM86851,0.39489089887792783
GSM86852,0.40865348064947893
GSM86853,0.625347437652345
GSM86854,0.9908310876552122
GSM86855,0.056612294400644476
GSM86856,-0.4181003779944287
GSM86927,0.5105086343497348
GSM86928,-0.025712946347995327
GSM86929,-0.1643428760780365
GSM86930,-0.07494939751762172
GSM86931,-0.27316815724331883
GSM86932,-0.3589934042922081
GSM86933,-0.06356607560421283
GSM86934,-0.37294510624034133
GSM86935,-0.33241953091035137
GSM86936,-0.14260924766698793
GSM86937,-0.184266345204097
GSM86938,0.017464038634739963
GSM86939,-0.26211711520616293
GSM86940,-0.24229630644336178
GSM86941,0.09384230862253173
GSM86942,-0.39050685434491805
GSM86943,-0.3304842644127992
GSM86944,-0.1710544930770295
GSM86945,0.058764408603666114
GSM86946,-0.1749243486070927
GSM86947,-0.09962736809266237
GSM86948,0.0472004405086503
GSM86949,-0.01397283095595859
GSM86950,-0.18709700271955976
GSM86951,0.03177154948152928
GSM86952,-0.22680135101252558
GSM86953,-0.024930201254483857
GSM86954,-0.28596020663778865
GSM86955,-0.22375000485656188
GSM86956,-0.36286335117517887
GSM86957,0.18464361500437135
GSM86958,-0.3161464828950202
GSM86959,-0.009633052708403386
GSM86960,-0.07906071738716343
GSM86961,-0.2790713325357954
GSM86962,-0.2876236566566502
GSM86963,-0.20691827282277997
GSM86964,-0.10748577506436476
GSM86965,-0.21200829572150495
GSM86966,0.23181705097622152
GSM86967,-0.2364528101410265
GSM86968,-0.19080468793859645
GSM86969,0.12873386078518745
GSM86970,-0.04191645417530884
GSM86971,0.11122696799485762
GSM86972,0.062201047566477166
GSM86973,0.37994819006818714
GSM86974,-0.08376485312305851
GSM86975,0.2731809678015328
GSM86976,0.2798699490352288
GSM86977,0.32348379878415884
GSM86978,-0.017278862674175405
GSM86979,-0.2472429498006754
GSM86980,0.05130698940983757
GSM86981,0.00021785116973943092
GSM86982,-0.11487129516152644
GSM86983,0.14947837970237812
GSM86984,0.09311127433398979
GSM86985,0.07557421368514834
GSM86986,0.13940158441258224
GSM86987,0.23327243298423303
GSM86988,-0.41647740740127237
GSM86989,-0.1376265935929351
GSM86990,0.25494742493776196
GSM86991,-0.24545319864171158
GSM87058,0.008516582693587847
GSM87059,0.07406493125403825
GSM87060,0.4329616921807721
GSM87061,0.0777709940411961
GSM87062,-0.16380763393288444
GSM87063,0.16642965337506166
GSM87064,0.2123417754399893
GSM87065,-0.16447632532610856
GSM87066,-0.13916225382024575
GSM87067,0.03585590578182704
GSM87068,-0.20937237882193072
GSM87069,0.07020664683218608
GSM87070,-0.07664007815405958
GSM87071,0.00662997825840208
GSM87072,0.3763370429091622
GSM87073,-0.1376530871700214
GSM87074,0.2383863014657115
GSM87075,0.1722013605010586
GSM87076,0.08774423322905568
GSM87077,-0.07445903461930384
GSM87078,0.18479254467101072
GSM87079,0.00929593807005579
GSM87080,0.008492272295078035
GSM87081,-0.10068375017007619
GSM87082,0.26048701085771364
GSM87083,-0.15484649127678274
GSM87084,0.2285671334967952
GSM87085,0.1612551375821533
GSM87086,0.03236263069742107
GSM87087,0.1508126929765334
GSM87088,0.058684351035733204
GSM87089,0.2348908966677561
GSM87090,-0.08705269455036474
GSM87091,-0.0976015225575489
GSM87092,-0.1302001190626127
GSM87093,-0.11635053841728259
GSM87094,-0.03716622067322421
GSM87095,-0.12866891134199454
GSM87096,0.18218311239578736
GSM87097,-0.020963191910658305
GSM87098,0.012676139187868925
GSM87099,0.020374129678298755
GSM87100,0.12957335016556043
GSM87101,-0.06827092038351587
GSM87102,-0.05906457431170109
GSM87103,-0.18410781599748635
GSM87104,0.21697546643226218
GSM87105,-0.13325010509230822
GSM87106,0.06518458250902914
GSM87107,0.10342677195729029
GSM87108,0.06769866465142234
GSM87109,-0.08571396832774483
GSM87110,0.08794227975024022
GSM87111,0.10780178301335865
GSM87112,0.07577779744162094
GSM87113,0.2963945130098941
GSM87114,-0.03243437536008458
GSM87115,0.4014261808681712
GSM87116,0.2144933184388465
GSM87117,0.25243601919345626
GSM87118,0.04174023904113112
GSM87119,-0.008438162656688022
GSM87120,-0.02810644656107754
GSM87121,0.21634875288690833
GSM87122,0.06402787767892587
GSM87123,-0.025264130515910536
GSM86857,0.1412584641259114
GSM86858,0.7470905383974479
GSM86859,-0.2521802739194082
GSM86860,0.7242030301885642
GSM86861,-0.7579341287592669
GSM86862,-0.17513038654960855
GSM86863,-0.5171743966410055
GSM86864,0.018842669638487793
GSM86865,-0.6711827157495991
GSM86866,-0.5726806494620015
GSM86867,-0.6151625859392205
GSM86868,-0.8357422441640788
GSM86869,0.24198225497449707
GSM86870,0.8524105017886306
GSM86871,-0.6331462997134001
GSM86872,-0.8635812801217484
GSM86873,-0.5865325952670452
GSM86874,0.8326090628754991
GSM86875,0.0441227426722771
GSM86876,1.3185896863470634
GSM86877,0.6019769688721884
GSM86878,-0.24455701454260406
GSM86879,1.0319261672099935
GSM86880,0.3969891695686486
GSM86881,0.969786849002342
GSM86882,-0.46648230029065957
GSM86883,0.02260178948389652
GSM86884,-0.041905998809419656
GSM86885,0.6763147514882203
GSM86886,-0.6327401060141243
GSM86887,-0.5717973954581675
GSM86888,-0.33827858796049315
GSM86889,-0.3440452479483959
GSM86890,-0.25963766035150987
GSM86891,-0.3482996928794113
GSM86892,-0.5934389734028057
GSM86893,-0.3415502228428045
GSM86894,-0.5673982464738486
GSM86895,-0.30341182340898243
GSM86896,-0.6252550912505417
GSM86897,-0.5796315689474562
GSM86898,-0.6337284440645511
GSM86899,-0.23178914018221772
GSM86900,-0.2548820254233554
GSM86901,-0.5752666344883498
GSM86902,-0.6186822714248151
GSM86903,-0.33991507092886153
GSM86904,0.6274925186321061
GSM86905,-0.42166280570265496
GSM86906,-0.28225700191854247
GSM86907,0.628192124328573
GSM86908,0.0804813190055853
GSM86909,-0.08488741537733852
GSM86910,0.454054861846122
GSM86911,0.69210370232691
GSM86912,0.17454291503231037
GSM86913,0.07782741442474445
GSM86914,0.5709860921187934
GSM86915,0.4410733931425355
GSM86916,0.9031626075990041
GSM86917,1.1900252918179934
GSM86918,0.05092385907884152
GSM86919,0.16410939222742174
GSM86920,-0.07745709204273815
GSM86921,0.45997744335766105
GSM86922,0.002851985459202878
GSM86923,0.17667058549056885
GSM86924,1.099103022446741
GSM86925,0.06944265184563671
GSM86926,-0.28282323700612416
GSM86992,0.10503850743210588
GSM86993,-0.06422789796615047
GSM86994,-0.2458152847510291
GSM86995,-0.34605228786609427
GSM86996,-0.23549460050981227
GSM86997,-0.3683804996655616
GSM86998,-0.007173521892514205
GSM86999,-0.2579003008559376
GSM87000,-0.3115288661789414
GSM87001,0.020281029078436093
GSM87002,-0.163743426477087
GSM87003,-0.042964745582447235
GSM87004,-0.3606841277588703
GSM87005,-0.16707036024621288
GSM87006,0.0094576425649721
GSM87007,-0.14605058961839607
GSM87008,-0.36758490326537946
GSM87009,-0.08368521460048696
GSM87010,-0.32281872211425544
GSM87011,-0.2101373781707627
GSM87012,0.06599755860510387
GSM87013,-0.01748526472678759
GSM87014,0.008645620645785662
GSM87015,-0.12415602908122474
GSM87016,0.23755690756343878
GSM87017,-0.26901679559642483
GSM87018,0.06297602349342186
GSM87019,-0.13764048044417995
GSM87020,-0.2173747967835501
GSM87021,-0.1723509249946214
GSM87022,-0.046149973022387415
GSM87023,-0.3815023609295805
GSM87024,-0.14781586579703387
GSM87025,-0.27165393492582385
GSM87026,-0.2519766765203239
GSM87027,-0.4438090886352496
GSM87028,-0.4001245949113704
GSM87029,-0.13414244571325942
GSM87030,-0.3719841637374669
GSM87031,0.11367904482627816
GSM87032,-0.35245774370953165
GSM87033,-0.3018012354304537
GSM87034,0.08087191891363385
GSM87035,-0.27483087692625446
GSM87036,-0.14801555111271852
GSM87037,-0.010568939110380197
GSM87038,-0.10270217409419656
GSM87039,-0.1958881110918931
GSM87040,-0.13385103428887196
GSM87041,-0.18337660929377625
GSM87042,0.3819526851973755
GSM87043,0.3378901034923348
GSM87044,0.03561630606644377
GSM87045,-0.2411592860634009
GSM87046,0.020624285484268617
GSM87047,-0.014814509997874903
GSM87048,0.0711623500910506
GSM87049,0.020499418188962143
GSM87050,-0.1445936021821608
GSM87051,-0.11855397072358863
GSM87052,0.01478914891779643
GSM87053,-0.14911147634529665
GSM87054,-0.3493093110485168
GSM87055,-0.36090656087502226
GSM87056,-0.048889150047826534
GSM87057,-0.34996391771797786
GSM87124,0.2506062644871654
GSM87125,-0.0185495040724409
GSM87126,0.8344708168289812
GSM87127,0.24767279620699537
GSM87128,-0.14891303721333396
GSM87129,0.19283308682241607
GSM87130,0.1962868640505916
GSM87131,-0.002599057566087695
GSM87132,0.08756136101525067
GSM87133,0.15232977204189782
GSM87134,-0.09153566416963073
GSM87135,-0.0445821515721311
GSM87136,0.16604753969244304
GSM87137,0.17463260344549236
GSM87138,0.17901938395907066
GSM87139,0.10101287787624585
GSM87140,0.28691609451889355
GSM87141,0.2472524289825777
GSM87142,0.28228121994574196
GSM87143,-0.05359517969463351
GSM87144,0.23841692415826446
GSM87145,0.1978832681367424
GSM87146,0.037673532618098804
GSM87147,0.09058844782124716
GSM87148,0.37740222648212685
GSM87149,0.05190795513641126
GSM87150,0.20469065598617073
GSM87151,0.5436258485606016
GSM87152,0.07780193031208894
GSM87153,0.15929908892804898
GSM87154,0.16528677629669156
GSM87155,0.23399481504639155
GSM87156,0.15318760812204069
GSM87157,-0.10193929106565368
GSM87158,0.0376734922854145
GSM87159,-0.026443511511160957
GSM87160,0.09001738812692398
GSM87161,-0.10102462789158977
GSM87162,0.18323849800524147
GSM87163,0.04081268291983972
GSM87164,-0.11235267395443309
GSM87165,-0.06127975781073221
GSM87166,0.2426255803371361
GSM87167,0.14101109575415577
GSM87168,0.05784421792764086
GSM87169,0.0856926951736685
GSM87170,0.022758838400353663
GSM87171,0.16641945783743517
GSM87172,0.008293644468014418
GSM87173,0.21981567285955161
GSM87174,0.21975282158941725
GSM87175,0.18362559696415146
GSM87176,-0.01875800959135669
GSM87177,0.10768812637555912
GSM87178,0.2671991538792134
GSM87179,0.12600154705624927
GSM87180,0.3649858337824006
GSM87181,0.04848935044786825
GSM87182,0.151892568330224
GSM87183,0.44725609937906274
GSM87184,0.245595147793163
GSM87185,-0.04095256068856196
GSM87186,0.0054369005038734
GSM87187,0.12489401563234767
GSM87188,0.10781685757541497
GSM87189,0.19320482170612385
GSM87190,-0.06016843584107288
GSM663008,-0.23816354798607656
GSM663009,-0.5199761594453556
GSM663010,-0.26299236915742796
GSM663011,-0.16684146759766966
GSM663012,-0.2794822185826812
GSM663013,-0.26794202988700183
GSM663014,-0.10866561547988095
GSM663015,-0.21975947767576617
GSM663016,-0.032323780285680205
GSM663017,-0.13519125783898597
GSM663018,-0.3947063159657665
GSM663019,-0.1679818074902931
GSM663020,-0.33451403072627384
GSM663021,-0.39553271894883
GSM663022,-0.47745728320032393
GSM663023,-0.3372775952458138
GSM663024,-0.032189115806713985
GSM663025,0.08788644873258424
GSM663026,0.25605819154986664
GSM663027,0.26819887454817404
GSM663028,0.4945192436343231
GSM663029,0.672395638903992
GSM663030,0.7378702104417886
GSM663031,0.6989354114394306
GSM663032,0.711808084883433
GSM663033,0.6813541755642288
GSM663034,0.5144006256259421
GSM663035,0.609551608549422
GSM663036,0.38906509542798645
GSM663037,0.48927690488534953
GSM663038,0.5908568979243121
GSM663039,0.6493007444301545
GSM663040,0.27420607601227553
GSM663041,0.23349481375853692
GSM663042,0.6687767198274159
GSM663043,0.6383480568198505
GSM663044,0.6649555264553564
GSM663045,0.4384593502643253
GSM663046,-0.38641266565327265
GSM663047,-0.9446727907822046
GSM663048,-0.7747665502062983
GSM663049,-0.788297756448501
GSM663050,-0.7687825469830513
GSM663051,-0.7372761163477763
GSM663052,-0.7689659566162554
GSM663053,-0.542389361586008
GSM663054,-0.7541135454546655
GSM663055,-0.6304499434474856
GSM663056,-0.5036333188454402
GSM663057,-0.5217376586150708
GSM663058,-0.42681981096361143
GSM663059,0.5820409678841815
GSM663060,0.6329748268627612
GSM663061,0.41336824649769105
GSM663062,-0.13967352866506377
GSM663063,0.5481858494179229
GSM663064,0.23492088602930444
GSM663065,0.24815050661287888
GSM663066,-0.23497969913615244
GSM663067,-0.2185730828419026
GSM663068,-0.24759651352261064
GSM663069,-0.23482333307930595
GSM663070,-0.38562076953921764
GSM663071,-0.2757243188816933
GSM663072,-0.4331130655694157
GSM663073,-0.24326704121460835
GSM663074,-0.2715271602312009
GSM663075,-0.3821300375619958
GSM663076,-0.30901592379056286
GSM663077,-0.3163670828208491
GSM663078,-0.32008304212619226
GSM663079,-0.0435420822988115
GSM663080,-0.2597844988094638
GSM663081,-0.3115177302283045
GSM663082,-0.14182166486711947
GSM663083,-0.2296384491101192
GSM663084,-0.28301968812997114
GSM663085,-0.33326792001748523
GSM663086,0.19915684741102802
GSM663087,-0.02850775714557339
GSM663088,0.12247573947820982
GSM663089,0.410213173008788
GSM663090,0.43717679595971237
GSM663091,0.43936771858253676
GSM663092,0.17973036417857324
GSM663093,0.2842764731579365
GSM663094,0.7002378092581996
GSM663095,0.46268597845823567
GSM663096,0.841973416037487
GSM663097,0.4360888771100808
GSM663098,0.3801635114609641
GSM663099,0.6789795619126731
GSM663100,0.33989166398334464
GSM663101,0.6707316968032815
GSM663102,0.558850914348641
GSM663103,0.36438057481228786
GSM663104,0.43405218498720416
GSM663105,0.552976302302971
GSM663106,0.2664687977346566
GSM663107,-0.11657758542858249
GSM663108,0.18851041742433686
GSM663109,-0.08186622273418148
GSM663110,-0.2821223946038219
GSM663111,-0.24355744626260387
GSM663112,-0.0748534716932136
GSM663113,-0.4457478902186798
GSM663114,-0.3525871126304336
GSM663115,-0.40847921738560117
GSM663116,-0.18288644041255356
GSM663117,0.06089467491072217
GSM663118,-0.24872852189144168
GSM663119,-0.179107755407049
GSM663120,-0.27773994686980735
GSM663121,0.023399717818785908
GSM663122,-0.21316063822014678
GSM663123,-0.2777021540270159
GSM663124,-0.03747624287770336
GSM663125,-0.3125675246593777
