Sample_ID,Risk_Score,Risk_Category
GSM86787,0.2714847006093398,Medium Risk
GSM86788,1.856050729565475,High Risk
GSM86789,-0.0044449712807855,Medium Risk
GSM86790,1.450705652814405,High Risk
GSM86791,-0.9570608443374472,Low Risk
GSM86792,0.0988964099244901,Medium Risk
GSM86793,-1.1826010319621776,Low Risk
GSM86794,0.5469531024034124,Medium Risk
GSM86795,-1.3581005165449815,Low Risk
GSM86796,-1.082346599379646,Low Risk
GSM86797,-1.3616479279177995,Low Risk
GSM86798,-0.855747209660088,Low Risk
GSM86799,0.3728467793170145,Medium Risk
GSM86800,1.8894083312786776,High Risk
GSM86801,-1.1453201690498864,Low Risk
GSM86802,-1.64892456316009,Low Risk
GSM86803,-0.7230809725089398,Low Risk
GSM86804,2.0935359363080948,High Risk
GSM86805,0.441248036013243,Medium Risk
GSM86806,2.0756634680009314,High Risk
GSM86807,1.8434514611338375,High Risk
GSM86808,-0.2007871415618315,Medium Risk
GSM86809,2.967779545845814,High Risk
GSM86810,1.238609950249113,High Risk
GSM86811,2.559117848993849,High Risk
GSM86812,-0.7087376858280341,Low Risk
GSM86813,0.1201671881308823,Medium Risk
GSM86814,0.0408344780091084,Medium Risk
GSM86815,1.449192055428101,High Risk
GSM86816,-0.6931703184837543,Low Risk
GSM86817,-0.8441650195763747,Low Risk
GSM86818,-0.6455553148085384,Low Risk
GSM86819,-0.3280529870431224,Medium Risk
GSM86820,-0.8412117701261027,Low Risk
GSM86821,-0.8628215122034731,Low Risk
GSM86822,-1.061468412026305,Low Risk
GSM86823,-0.6503804478171513,Low Risk
GSM86824,-0.8219715473762388,Low Risk
GSM86825,0.0026258240109547,Medium Risk
GSM86826,-1.1071759693894108,Low Risk
GSM86827,-1.0785579676335844,Low Risk
GSM86828,-0.9158849035008436,Low Risk
GSM86829,-0.9535117181835792,Low Risk
GSM86830,-0.3245084606288205,Medium Risk
GSM86831,-1.0722473357164015,Low Risk
GSM86832,-0.991611719860468,Low Risk
GSM86833,-0.6019916163995341,Low Risk
GSM86834,1.7693799729698338,High Risk
GSM86835,0.1119742368457833,Medium Risk
GSM86836,-0.0774977291849533,Medium Risk
GSM86837,1.8348178544020723,High Risk
GSM86838,1.0723597600669237,High Risk
GSM86839,0.0811045213069553,Medium Risk
GSM86840,0.9478156046239165,High Risk
GSM86841,2.244070855696315,High Risk
GSM86842,0.3807390819489163,Medium Risk
GSM86843,0.680160873526119,Medium Risk
GSM86844,1.1581969186538392,High Risk
GSM86845,1.104569870633994,High Risk
GSM86846,2.529514353495157,High Risk
GSM86847,1.7670174295578671,High Risk
GSM86848,0.7646000031848512,Medium Risk
GSM86849,0.6059842271049156,Medium Risk
GSM86850,-0.1826530566577182,Medium Risk
GSM86851,1.1281333869252046,High Risk
GSM86852,0.5189800270392266,Medium Risk
GSM86853,1.0093338169496866,High Risk
GSM86854,2.7524927371564587,High Risk
GSM86855,0.9864325987272446,High Risk
GSM86856,-0.7024204179308372,Low Risk
GSM86927,0.3502667489288683,Medium Risk
GSM86928,-0.0369011102797988,Medium Risk
GSM86929,-0.3543825212405144,Medium Risk
GSM86930,-0.7271201724511406,Low Risk
GSM86931,-0.8637390505109899,Low Risk
GSM86932,-1.7211787316845697,Low Risk
GSM86933,-0.7255542202760389,Low Risk
GSM86934,-0.4562476506595042,Low Risk
GSM86935,-1.3143363875457323,Low Risk
GSM86936,-0.6550058366973356,Low Risk
GSM86937,-0.7340735068800603,Low Risk
GSM86938,-0.2414286862239897,Medium Risk
GSM86939,-0.4946924196337317,Low Risk
GSM86940,-0.9975587721350364,Low Risk
GSM86941,0.1391684783621762,Medium Risk
GSM86942,-1.3158120311395645,Low Risk
GSM86943,-1.1909121310195256,Low Risk
GSM86944,-0.5405902148906899,Low Risk
GSM86945,-0.6793262779757469,Low Risk
GSM86946,-0.4945578564465837,Low Risk
GSM86947,-0.3956251001839191,Medium Risk
GSM86948,0.1105161580512228,Medium Risk
GSM86949,-0.2824195668072473,Medium Risk
GSM86950,-0.4378169997863649,Low Risk
GSM86951,0.1468679614731122,Medium Risk
GSM86952,-1.0283216687801344,Low Risk
GSM86953,0.1295682971861373,Medium Risk
GSM86954,-0.4229356125518314,Medium Risk
GSM86955,-0.3772716556017202,Medium Risk
GSM86956,-0.6954664528715695,Low Risk
GSM86957,-0.9306831014418944,Low Risk
GSM86958,-0.9426767024001546,Low Risk
GSM86959,-0.844048159143221,Low Risk
GSM86960,-1.1749428605589176,Low Risk
GSM86961,-1.2373349480019906,Low Risk
GSM86962,-1.2381942776536274,Low Risk
GSM86963,-1.198408643657604,Low Risk
GSM86964,-0.8040435289049009,Low Risk
GSM86965,-1.1431593472874946,Low Risk
GSM86966,-0.1935264911137966,Medium Risk
GSM86967,-1.2621141056936585,Low Risk
GSM86968,-1.1236140237554737,Low Risk
GSM86969,-0.6030661156032203,Low Risk
GSM86970,-0.8157397645381419,Low Risk
GSM86971,-0.6196543286767155,Low Risk
GSM86972,-0.9382689430674644,Low Risk
GSM86973,0.3875192465252079,Medium Risk
GSM86974,-0.5492243045333438,Low Risk
GSM86975,-0.3688230525910017,Medium Risk
GSM86976,0.4290498881008484,Medium Risk
GSM86977,0.3580274207442156,Medium Risk
GSM86978,-0.3472666272754957,Medium Risk
GSM86979,-0.5503575238250903,Low Risk
GSM86980,-0.1603635648936891,Medium Risk
GSM86981,0.1001266887774552,Medium Risk
GSM86982,-0.0066723242449744,Medium Risk
GSM86983,-0.2635060347179875,Medium Risk
GSM86984,-0.3454217119823596,Medium Risk
GSM86985,0.0261326252002556,Medium Risk
GSM86986,0.072070011256157,Medium Risk
GSM86987,-0.0625674023822803,Medium Risk
GSM86988,-1.3286723225830288,Low Risk
GSM86989,-0.7093233536036988,Low Risk
GSM86990,-0.0591016989785098,Medium Risk
GSM86991,-1.0815826609407604,Low Risk
GSM87058,0.0019461036403042,Medium Risk
GSM87059,0.4694892039731076,Medium Risk
GSM87060,1.8615163223012527,High Risk
GSM87061,0.0345416109248034,Medium Risk
GSM87062,-0.0479277496342546,Medium Risk
GSM87063,0.2645411007272192,Medium Risk
GSM87064,-0.146859238472578,Medium Risk
GSM87065,-0.5014134410267763,Low Risk
GSM87066,0.3666665701527717,Medium Risk
GSM87067,0.1557693381785378,Medium Risk
GSM87068,-0.4470654651529311,Low Risk
GSM87069,0.6571716316578669,Medium Risk
GSM87070,0.1018008101116949,Medium Risk
GSM87071,0.0685458970411078,Medium Risk
GSM87072,0.0671398511990747,Medium Risk
GSM87073,-0.2718462704290997,Medium Risk
GSM87074,0.2286212871391965,Medium Risk
GSM87075,0.7764360811759935,Medium Risk
GSM87076,0.4709092639305843,Medium Risk
GSM87077,-0.2409087192307965,Medium Risk
GSM87078,0.6409598974439326,Medium Risk
GSM87079,0.6007958991471184,Medium Risk
GSM87080,0.2491763545851694,Medium Risk
GSM87081,0.4300975813878482,Medium Risk
GSM87082,0.7879976495471156,Medium Risk
GSM87083,0.0262705700401384,Medium Risk
GSM87084,0.5895722763161021,Medium Risk
GSM87085,0.5598500185805424,Medium Risk
GSM87086,0.2386515422008859,Medium Risk
GSM87087,0.5609804844443838,Medium Risk
GSM87088,0.0072775218223771,Medium Risk
GSM87089,0.8819106627338993,Medium Risk
GSM87090,-0.0437311667244743,Medium Risk
GSM87091,-0.3508674146800074,Medium Risk
GSM87092,-0.2145575084046868,Medium Risk
GSM87093,-0.020360473371556,Medium Risk
GSM87094,-0.0634018827842642,Medium Risk
GSM87095,-0.1104038041984437,Medium Risk
GSM87096,0.6728170032113776,Medium Risk
GSM87097,-0.052738214089695,Medium Risk
GSM87098,-0.3061945758386057,Medium Risk
GSM87099,0.0158225815642378,Medium Risk
GSM87100,0.2846178384735336,Medium Risk
GSM87101,0.0716554308692602,Medium Risk
GSM87102,-0.0798868103639872,Medium Risk
GSM87103,0.4788946001018611,Medium Risk
GSM87104,0.763737059223611,Medium Risk
GSM87105,-0.4912937228840632,Low Risk
GSM87106,0.6822094593850503,Medium Risk
GSM87107,0.5377665225271803,Medium Risk
GSM87108,0.1991429475587014,Medium Risk
GSM87109,0.146581502789185,Medium Risk
GSM87110,0.4221734962866025,Medium Risk
GSM87111,0.7529974223389401,Medium Risk
GSM87112,0.3492431063826123,Medium Risk
GSM87113,0.5431519162996359,Medium Risk
GSM87114,0.0223854972048526,Medium Risk
GSM87115,0.8655266182158675,Medium Risk
GSM87116,0.6313716066235646,Medium Risk
GSM87117,0.7209618753699534,Medium Risk
GSM87118,0.2316532458410613,Medium Risk
GSM87119,-0.1068511530430637,Medium Risk
GSM87120,-0.2522520930339283,Medium Risk
GSM87121,0.6456390055996044,Medium Risk
GSM87122,0.9376641160194428,High Risk
GSM87123,-0.3999136089751288,Medium Risk
GSM86857,0.3304269759500335,Medium Risk
GSM86858,2.0836079089264468,High Risk
GSM86859,-0.1449427659282764,Medium Risk
GSM86860,1.4836158669770616,High Risk
GSM86861,-1.1970106586505618,Low Risk
GSM86862,0.431054032255489,Medium Risk
GSM86863,-0.8281532053935421,Low Risk
GSM86864,0.5402301591570892,Medium Risk
GSM86865,-1.222393493343667,Low Risk
GSM86866,-1.0431269096288716,Low Risk
GSM86867,-0.9528633182419592,Low Risk
GSM86868,-0.5397795596215486,Low Risk
GSM86869,0.5423212714747879,Medium Risk
GSM86870,2.0407686027607252,High Risk
GSM86871,-0.7671413269228925,Low Risk
GSM86872,-1.393960238339878,Low Risk
GSM86873,-0.705456602193126,Low Risk
GSM86874,2.4396099084436544,High Risk
GSM86875,0.4273581804864261,Medium Risk
GSM86876,2.441657366900845,High Risk
GSM86877,1.8254445937487929,High Risk
GSM86878,0.1121345632684549,Medium Risk
GSM86879,2.751735767129901,High Risk
GSM86880,1.2800092562520171,High Risk
GSM86881,2.667882149640842,High Risk
GSM86882,-0.7543280060713529,Low Risk
GSM86883,0.0872955789655782,Medium Risk
GSM86884,0.1535701566071946,Medium Risk
GSM86885,1.541375723739965,High Risk
GSM86886,-1.034668255324767,Low Risk
GSM86887,-0.9068779071094134,Low Risk
GSM86888,-0.719058783088796,Low Risk
GSM86889,-0.1941669095223801,Medium Risk
GSM86890,-0.5516572546611729,Low Risk
GSM86891,-0.5512996549171326,Low Risk
GSM86892,-1.1448628699499783,Low Risk
GSM86893,-0.4936282172058774,Low Risk
GSM86894,-0.7366477053838388,Low Risk
GSM86895,-0.0842731063463264,Medium Risk
GSM86896,-1.150573206219463,Low Risk
GSM86897,-1.12243710315608,Low Risk
GSM86898,-0.7828976169542969,Low Risk
GSM86899,-0.9066779597132338,Low Risk
GSM86900,-0.30172575683335,Medium Risk
GSM86901,-0.9093733966672704,Low Risk
GSM86902,-0.9671415537060568,Low Risk
GSM86903,-0.3079310934873278,Medium Risk
GSM86904,1.8348350577617376,High Risk
GSM86905,-0.2475053193495843,Medium Risk
GSM86906,0.1947559966852039,Medium Risk
GSM86907,1.5458372483969578,High Risk
GSM86908,1.0404609419062665,High Risk
GSM86909,0.4458078801333193,Medium Risk
GSM86910,0.9727150415893456,High Risk
GSM86911,2.0492752045383527,High Risk
GSM86912,0.923642468734843,High Risk
GSM86913,1.0224076333555816,High Risk
GSM86914,1.1812105283592655,High Risk
GSM86915,0.9228458555590778,High Risk
GSM86916,2.4739392393546313,High Risk
GSM86917,2.097266516211704,High Risk
GSM86918,0.8214077013321235,Medium Risk
GSM86919,0.7249829185475349,Medium Risk
GSM86920,-0.2013109222504366,Medium Risk
GSM86921,1.0200659990153966,High Risk
GSM86922,0.6779834273379907,Medium Risk
GSM86923,0.7808401084282666,Medium Risk
GSM86924,2.411437577261404,High Risk
GSM86925,0.9992183308681768,High Risk
GSM86926,-0.4029924858547148,Medium Risk
GSM86992,0.3734081794863261,Medium Risk
GSM86993,-0.2045581564580031,Medium Risk
GSM86994,-0.5024895857189738,Low Risk
GSM86995,-1.003639210929868,Low Risk
GSM86996,-0.7194384392941179,Low Risk
GSM86997,-1.1828748252004908,Low Risk
GSM86998,-0.5523440802494424,Low Risk
GSM86999,-0.4675070028447762,Low Risk
GSM87000,-1.1642754489747995,Low Risk
GSM87001,-0.1550428665804169,Medium Risk
GSM87002,-0.3959566251410885,Medium Risk
GSM87003,-0.0468806965593202,Medium Risk
GSM87004,-0.518736897302184,Low Risk
GSM87005,-0.8241106964460099,Low Risk
GSM87006,0.3629967538091538,Medium Risk
GSM87007,-0.8993258788526297,Low Risk
GSM87008,-0.9706039132235736,Low Risk
GSM87009,-0.1583947875663404,Medium Risk
GSM87010,-0.7269832475962762,Low Risk
GSM87011,-0.2450669412553345,Medium Risk
GSM87012,-0.152321738191457,Medium Risk
GSM87013,0.111203197011605,Medium Risk
GSM87014,-0.118158923301091,Medium Risk
GSM87015,-0.1201825499514975,Medium Risk
GSM87016,-0.171183797527557,Medium Risk
GSM87017,-1.2350455522404404,Low Risk
GSM87018,0.3356957493512018,Medium Risk
GSM87019,-0.2429231466287688,Medium Risk
GSM87020,-0.3515215537293674,Medium Risk
GSM87021,-0.5309193325382966,Low Risk
GSM87022,-1.2614904171647687,Low Risk
GSM87023,-0.8551746127676403,Low Risk
GSM87024,-1.017666319302796,Low Risk
GSM87025,-1.2621490716724306,Low Risk
GSM87026,-1.0619443356482656,Low Risk
GSM87027,-0.93001561940178,Low Risk
GSM87028,-1.1470393256253988,Low Risk
GSM87029,-0.966706939532302,Low Risk
GSM87030,-1.1093075701472568,Low Risk
GSM87031,-0.265247649152254,Medium Risk
GSM87032,-1.238533725043123,Low Risk
GSM87033,-1.20150795708076,Low Risk
GSM87034,-0.4358427773530122,Low Risk
GSM87035,-1.0173384008335775,Low Risk
GSM87036,-0.559610233765875,Low Risk
GSM87037,-0.8158958262216242,Low Risk
GSM87038,-0.928212173508484,Low Risk
GSM87039,-0.3767624040749955,Medium Risk
GSM87040,-0.6857440748361606,Low Risk
GSM87041,-0.4237809898137059,Medium Risk
GSM87042,0.190687854456609,Medium Risk
GSM87043,0.1272632560987491,Medium Risk
GSM87044,-0.4729338843804097,Low Risk
GSM87045,-0.9323631233707192,Low Risk
GSM87046,-0.1255362747371028,Medium Risk
GSM87047,-0.0480249245030437,Medium Risk
GSM87048,0.3222556124018637,Medium Risk
GSM87049,-0.4034517770179494,Medium Risk
GSM87050,-0.5464389745239336,Low Risk
GSM87051,-0.2183622570272877,Medium Risk
GSM87052,-0.130423034426292,Medium Risk
GSM87053,-0.2614527605869683,Medium Risk
GSM87054,-1.1229842357687791,Low Risk
GSM87055,-0.7896908731454554,Low Risk
GSM87056,-0.1269894863831881,Medium Risk
GSM87057,-1.091374555729265,Low Risk
GSM87124,-0.0900566766248889,Medium Risk
GSM87125,0.4287433537844338,Medium Risk
GSM87126,1.5173261814161014,High Risk
GSM87127,0.3551164615561078,Medium Risk
GSM87128,-0.0758426244735884,Medium Risk
GSM87129,0.212896896132581,Medium Risk
GSM87130,-0.1037237029854256,Medium Risk
GSM87131,-0.5155874337325675,Low Risk
GSM87132,0.3234534627386791,Medium Risk
GSM87133,0.624394809571006,Medium Risk
GSM87134,-0.6348422459615441,Low Risk
GSM87135,0.1572034835226476,Medium Risk
GSM87136,0.496388319917155,Medium Risk
GSM87137,0.068516878758627,Medium Risk
GSM87138,-0.1499809569954242,Medium Risk
GSM87139,-0.0465859043523624,Medium Risk
GSM87140,0.1345766182779609,Medium Risk
GSM87141,0.6379736407061768,Medium Risk
GSM87142,0.714754424255096,Medium Risk
GSM87143,-0.240836011856323,Medium Risk
GSM87144,0.6617879987551022,Medium Risk
GSM87145,0.4980493773970788,Medium Risk
GSM87146,0.196796347391106,Medium Risk
GSM87147,0.408901056878404,Medium Risk
GSM87148,0.8240953547030087,Medium Risk
GSM87149,0.1088130394191257,Medium Risk
GSM87150,0.7350009244679058,Medium Risk
GSM87151,0.5901415012994765,Medium Risk
GSM87152,0.3138881032349514,Medium Risk
GSM87153,0.3418335404167004,Medium Risk
GSM87154,-0.3871431455486946,Medium Risk
GSM87155,0.3005893137742348,Medium Risk
GSM87156,-0.0469141918703362,Medium Risk
GSM87157,-0.2797140388248557,Medium Risk
GSM87158,-0.3804201269710085,Medium Risk
GSM87159,-0.1208483368781994,Medium Risk
GSM87160,-0.2428107261154903,Medium Risk
GSM87161,-0.0880901285897771,Medium Risk
GSM87162,0.6351340352827092,Medium Risk
GSM87163,-0.2308869875574135,Medium Risk
GSM87164,-0.2889739247022395,Medium Risk
GSM87165,-0.2389020402278229,Medium Risk
GSM87166,0.2054468637082259,Medium Risk
GSM87167,-0.1098514503994722,Medium Risk
GSM87168,0.0738386131575109,Medium Risk
GSM87169,-0.3403328447899244,Medium Risk
GSM87170,0.5733379826047453,Medium Risk
GSM87171,0.3434395405556805,Medium Risk
GSM87172,-0.1794785547272207,Medium Risk
GSM87173,0.7878831729671307,Medium Risk
GSM87174,0.400057904299477,Medium Risk
GSM87175,-0.0486926613657334,Medium Risk
GSM87176,-0.1591370381947512,Medium Risk
GSM87177,0.5929032880179781,Medium Risk
GSM87178,0.4995549242367605,Medium Risk
GSM87179,0.1774983603344039,Medium Risk
GSM87180,0.346607717631663,Medium Risk
GSM87181,0.0395572000299341,Medium Risk
GSM87182,0.5264353627851055,Medium Risk
GSM87183,0.7076282351545897,Medium Risk
GSM87184,0.0908039343208899,Medium Risk
GSM87185,-0.3052582604516034,Medium Risk
GSM87186,-0.0025095086569315,Medium Risk
GSM87187,-0.5024165586212801,Low Risk
GSM87188,0.2581743668329549,Medium Risk
GSM87189,0.8249041602827731,Medium Risk
GSM87190,-0.4597610132319906,Low Risk
GSM663008,-0.391398543097934,Medium Risk
GSM663009,-1.5014001049201051,Low Risk
GSM663010,-0.1956310987341019,Medium Risk
GSM663011,-0.3529587011204798,Medium Risk
GSM663012,-0.2821816185323014,Medium Risk
GSM663013,-0.2723304270424947,Medium Risk
GSM663014,-0.1600365209352974,Medium Risk
GSM663015,-0.3608221702328628,Medium Risk
GSM663016,-0.1484072874429602,Medium Risk
GSM663017,-0.2972730804466324,Medium Risk
GSM663018,-0.6821384149401,Low Risk
GSM663019,-0.1004655916390618,Medium Risk
GSM663020,-0.9785843763110772,Low Risk
GSM663021,-0.9734441441323752,Low Risk
GSM663022,-0.9865374302553168,Low Risk
GSM663023,-0.7613635596308264,Low Risk
GSM663024,0.0072058884831531,Medium Risk
GSM663025,0.4836616180757268,Medium Risk
GSM663026,0.4909550002550786,Medium Risk
GSM663027,0.5628441192176916,Medium Risk
GSM663028,1.6392525036691288,High Risk
GSM663029,1.866191453978454,High Risk
GSM663030,2.0883676178875055,High Risk
GSM663031,1.431881339118395,High Risk
GSM663032,2.265323065173781,High Risk
GSM663033,2.1893472244687864,High Risk
GSM663034,1.393193019141837,High Risk
GSM663035,1.6895036337640466,High Risk
GSM663036,1.8047997012738393,High Risk
GSM663037,1.1301223657825834,High Risk
GSM663038,1.5941605730132398,High Risk
GSM663039,1.6816231197647962,High Risk
GSM663040,0.9577428489185718,High Risk
GSM663041,0.996559082553384,High Risk
GSM663042,1.5264682252107828,High Risk
GSM663043,1.20419768856497,High Risk
GSM663044,1.8131494999517237,High Risk
GSM663045,2.044224707168247,High Risk
GSM663046,-0.8232423388694844,Low Risk
GSM663047,-2.094364505363951,Low Risk
GSM663048,-2.029908858280138,Low Risk
GSM663049,-2.260791196007161,Low Risk
GSM663050,-2.181958896306925,Low Risk
GSM663051,-1.8302056310623411,Low Risk
GSM663052,-2.191971599503905,Low Risk
GSM663053,-1.4193814551647297,Low Risk
GSM663054,-2.326434698247612,Low Risk
GSM663055,-1.4233964896502012,Low Risk
GSM663056,-0.6562465728555577,Low Risk
GSM663057,-0.7949753101209271,Low Risk
GSM663058,-0.7201512469943654,Low Risk
GSM663059,2.122154140663836,High Risk
GSM663060,2.4334269703364075,High Risk
GSM663061,2.6710789930565273,High Risk
GSM663062,0.6483717913419839,Medium Risk
GSM663063,1.9816464924587176,High Risk
GSM663064,1.8082851105224709,High Risk
GSM663065,1.4602589824437722,High Risk
GSM663066,-0.9537515213919354,Low Risk
GSM663067,-0.8772532718240769,Low Risk
GSM663068,-0.937898795385183,Low Risk
GSM663069,-1.5239101412482972,Low Risk
GSM663070,-1.8357861291644877,Low Risk
GSM663071,-1.88850868742144,Low Risk
GSM663072,-1.7088891029045958,Low Risk
GSM663073,-1.7591863536280867,Low Risk
GSM663074,-1.807514707823647,Low Risk
GSM663075,-2.2010648177903263,Low Risk
GSM663076,-1.593730076405779,Low Risk
GSM663077,-0.8772475125871005,Low Risk
GSM663078,-1.4056528014605056,Low Risk
GSM663079,0.2826764546540638,Medium Risk
GSM663080,-1.0581161555947318,Low Risk
GSM663081,-0.9091501648512786,Low Risk
GSM663082,-0.54896471620729,Low Risk
GSM663083,-0.6709554727121048,Low Risk
GSM663084,-1.2021689226116608,Low Risk
GSM663085,-1.2970652612835585,Low Risk
GSM663086,0.2514656505878799,Medium Risk
GSM663087,0.05921824326168,Medium Risk
GSM663088,0.9588229631330162,High Risk
GSM663089,1.504743112331416,High Risk
GSM663090,1.690122762508811,High Risk
GSM663091,1.5801735413146307,High Risk
GSM663092,0.7453945272904668,Medium Risk
GSM663093,0.8432887268576043,Medium Risk
GSM663094,1.1484280014547967,High Risk
GSM663095,1.0647015499593255,High Risk
GSM663096,2.3453630735821553,High Risk
GSM663097,0.7863345299498882,Medium Risk
GSM663098,0.4743217186586703,Medium Risk
GSM663099,1.227985570515972,High Risk
GSM663100,0.9585711558382314,High Risk
GSM663101,1.524710729425051,High Risk
GSM663102,1.705178077241223,High Risk
GSM663103,1.1951845412021795,High Risk
GSM663104,1.2466483179448655,High Risk
GSM663105,1.2784532794888166,High Risk
GSM663106,1.1033098588603127,High Risk
GSM663107,-0.367112984245999,Medium Risk
GSM663108,0.6466359106846781,Medium Risk
GSM663109,-0.1320554297502829,Medium Risk
GSM663110,-0.7570185850063081,Low Risk
GSM663111,-1.094646153728028,Low Risk
GSM663112,-0.1289710970763565,Medium Risk
GSM663113,-1.850447093119537,Low Risk
GSM663114,-1.8379515491864384,Low Risk
GSM663115,-1.7814771185823448,Low Risk
GSM663116,-0.7799877096673871,Low Risk
GSM663117,0.1328070611392409,Medium Risk
GSM663118,-1.2471600008829409,Low Risk
GSM663119,-1.0183746414960548,Low Risk
GSM663120,-1.574769624472111,Low Risk
GSM663121,0.4652139253086402,Medium Risk
GSM663122,-0.8517015121232365,Low Risk
GSM663123,-0.6578366311845313,Low Risk
GSM663124,0.2468643352391259,Medium Risk
GSM663125,-0.840783947040473,Low Risk
